{
  "required" : true ,
  "$schema" : "http://json-schema.org/draft-03/schema" ,
  "type" : "object" ,
  "properties" : {
    "result" : {
      "type" : "object" ,
      "required" : false ,
      "properties" : {
        "ticket" : {
          "type" : "object" ,
          "required" : false ,
          "properties" : {
            "id" : {
              "type" : "number" ,
              "required" : false
            } ,
            "url" : {
              "type" : "string" ,
              "required" : false
            } ,
            "assignee_id" : {
              "type" : "number" ,
              "required" : false
            } ,
            "group_id" : {
              "type" : "number" ,
              "required" : false
            } ,
            "fields" : {
              "type" : "array" ,
              "required" : false ,
              "items" : [
                {
                  "type" : "object" ,
                  "properties" : {
                    "id" : {
                      "type" : "number" ,
                      "required" : false
                    } ,
                    "value" : {
                      "type" : "string" ,
                      "required" : false
                    }
                  }
                }
              ]
            }
          }
        } ,
        "comment" : {
          "type" : "object" ,
          "required" : false ,
          "properties" : {
            "body" : {
              "type" : "string" ,
              "required" : false
            } ,
            "scoped_body" : {
              "type" : "array" ,
              "required" : false ,
              "items" : [
                {
                  "type" : "array"
                }
              ]
            } ,
            "public" : {
              "type" : "boolean" ,
              "required" : false
            }
          }
        }
      }
    }
  }
}