{
  "required" : true ,
  "$schema" : "http://json-schema.org/draft-03/schema" ,
  "type" : "object" ,
  "properties" : {
    "id" : {
      "type" : "string" ,
      "required" : false
    } ,
    "url" : {
      "type" : "string" ,
      "required" : false
    } ,
    "total" : {
      "type" : "number" ,
      "required" : false
    } ,
    "progress" : {
      "type" : "number" ,
      "required" : false
    } ,
    "status" : {
      "type" : "string" ,
      "required" : false
    } ,
    "message" : {
      "type" : "string" ,
      "required" : false
    } ,
    "retry_in" : {
      "type" : "number" ,
      "required" : false
    } ,
    "app_url" : {
      "type" : "string" ,
      "required" : false
    } ,
    "app_id" : {
      "type" : "number" ,
      "required" : false
    }
  }
}