{
  "required" : true ,
  "$schema" : "http://json-schema.org/draft-03/schema" ,
  "type" : "object" ,
  "properties" : {
    "bookmark" : {
      "type" : "object" ,
      "required" : false ,
      "properties" : {
        "id" : {
          "type" : "number" ,
          "required" : false
        } ,
        "created_at" : {
          "type" : "string" ,
          "required" : false
        } ,
        "ticket" : {
          "type" : "object" ,
          "required" : false
        }
      }
    }
  }
}