{
  "required" : true ,
  "$schema" : "http://json-schema.org/draft-03/schema" ,
  "type" : "object" ,
  "properties" : {
    "ticket_form" : {
      "type" : "object" ,
      "required" : false ,
      "properties" : {
        "id" : {
          "type" : "number" ,
          "required" : false
        } ,
        "url" : {
          "type" : "string" ,
          "required" : false
        } ,
        "name" : {
          "type" : "string" ,
          "required" : false
        } ,
        "raw_name" : {
          "type" : "string" ,
          "required" : false
        } ,
        "display_name" : {
          "type" : "string" ,
          "required" : false
        } ,
        "raw_display_name" : {
          "type" : "string" ,
          "required" : false
        } ,
        "end_user_visible" : {
          "type" : "boolean" ,
          "required" : false
        } ,
        "position" : {
          "type" : "number" ,
          "required" : false
        } ,
        "active" : {
          "type" : "boolean" ,
          "required" : false
        } ,
        "default" : {
          "type" : "boolean" ,
          "required" : false
        } ,
        "ticket_field_ids" : {
          "type" : "array" ,
          "required" : false ,
          "items" : [
            {
              "type" : "number"
            }
          ]
        } ,
        "created_at" : {
          "type" : "string" ,
          "required" : false
        } ,
        "updated_at" : {
          "type" : "string" ,
          "required" : false
        }
      }
    }
  }
}