{
  "required" : true ,
  "$schema" : "http://json-schema.org/draft-03/schema" ,
  "type" : "object" ,
  "properties" : {
    "comment" : {
      "type" : "object" ,
      "required" : false ,
      "properties" : {
        "body" : {
          "type" : "string" ,
          "required" : false
        } ,
        "locale" : {
          "type" : "string" ,
          "required" : false
        }
      }
    } ,
    "notify_subscribers" : {
      "type" : "string" ,
      "required" : false
    }
  }
}