{
  "required" : true ,
  "$schema" : "http://json-schema.org/draft-03/schema" ,
  "type" : "object" ,
  "properties" : {
    "section" : {
      "type" : "object" ,
      "required" : false ,
      "properties" : {
        "position" : {
          "type" : "number" ,
          "required" : false
        } ,
        "locale" : {
          "type" : "string" ,
          "required" : false
        } ,
        "name" : {
          "type" : "string" ,
          "required" : false
        } ,
        "description" : {
          "type" : "string" ,
          "required" : false
        }
      }
    }
  }
}