{
  "apps" : [
    {
      "large_icon" : "/api/v2/apps/12345/assets/logo.png" ,
      "author_name" : "Zendesk User" ,
      "visibility" : "private" ,
      "promoted" : false ,
      "author_email" : "author@example.org" ,
      "installable" : true ,
      "installation_instructions" : "" ,
      "long_description" : "" ,
      "featured" : false ,
      "created_at" : "2012-05-14T22:28:18Z" ,
      "raw_long_description" : null ,
      "id" : 12345 ,
      "single_install" : true ,
      "small_icon" : "/api/v2/apps/12345/assets/logo-small.png" ,
      "version" : "1.0" ,
      "name" : "Bookmarks" ,
      "categories" : [
      ] ,
      "raw_installation_instructions" : null ,
      "parameters" : [
        {
          "secure" : true ,
          "position" : 0 ,
          "name" : "name" ,
          "app_id" : 12345 ,
          "created_at" : "2012-06-14T17:31:08Z" ,
          "kind" : "text" ,
          "required" : true ,
          "updated_at" : "2012-06-14T17:31:08Z" ,
          "default_value" : null ,
          "id" : 21
        }
      ] ,
      "default_locale" : "en" ,
      "short_description" : null ,
      "updated_at" : "2014-01-21T00:32:03Z" ,
      "owner_id" : 1 ,
      "screenshots" : [
      ] ,
      "framework_version" : "1.0"
    }
  ]
}