{
  "id" : "8b726e606741012ffc2d782bcb7848fe" ,
  "url" : "https://company.zendesk.com/api/v2/job_statuses/8b726e606741012ffc2d782bcb7848fe.json" ,
  "total" : 2 ,
  "progress" : 2 ,
  "status" : "completed" ,
  "message" : "Completed at Fri Apr 13 02:51:53 +0000 2012" ,
  "results" : [
    {
      "title" : "I accidentally the whole bottle" ,
      "action" : "update" ,
      "errors" : "" ,
      "id" : 380 ,
      "success" : true ,
      "status" : "Updated"
    } , {
      "title" : "Printer on fire" ,
      "action" : "update" ,
      "errors" : "" ,
      "id" : 90 ,
      "success" : true ,
      "status" : "Updated"
    }
  ]
}