{
  "topics" : [
    {
      "id" : 35436 ,
      "name" : "FAQs" ,
      "description:" : "This topic contains all product FAQs" ,
      "topic_type" : "questions" ,
      "category_id" : null ,
      "organization_id" : null ,
      "locale_id" : null ,
      "locked" : true ,
      "position" : 4 ,
      "access" : "everybody" ,
      "search_phrases" : [
        "red" ,
        "yellow"
      ] ,
      "attachments" : [
        {
          "id" : 498483 ,
          "name" : "crash.log" ,
          "content_url" : "https://company.zendesk.com/attachments/crash.log" ,
          "content_type" : "text/plain" ,
          "size" : 2532 ,
          "thumbnails" : [
          ]
        }
      ] ,
      "created_at" : "2010-07-20T22:55:29Z" ,
      "updated_at" : "2012-03-05T10:38:52Z"
    } , {
      "id" : 12 ,
      "created_at" : "2011-07-20T04:31:29Z" ,
      "updated_at" : "2012-02-02T10:32:59Z"
    }
  ]
}