{
  "categories" : [
    {
      "id" : 35436 ,
      "name" : "Self Help Articles" ,
      "description" : null ,
      "position" : 21 ,
      "created_at" : "2009-07-20T22:55:29Z" ,
      "updated_at" : "2011-05-05T10:38:52Z"
    } , {
      "id" : 12 ,
      "name" : "News" ,
      "description" : "Announcements about routine maintenance, scheduled downtime, and new features." ,
      "position" : 28 ,
      "created_at" : "2011-07-20T04:31:29Z" ,
      "updated_at" : "2012-02-02T10:32:59Z"
    }
  ]
}