{
  "triggers" : [
    {
      "id" : 25 ,
      "title" : "Close and Save" ,
      "active" : true,
	  "conditions" : [
      ] ,
      "actions" : [
      ] ,
      "updated_at" : "2012-09-25T22:50:26Z" ,
      "created_at" : "2012-09-25T22:50:26Z"
    } , {
      "id" : 28 ,
      "title" : "Close and redirect to topics" ,
      "active" : true,
	  "conditions" : [
      ] ,
      "actions" : [
      ] ,
      "updated_at" : "2012-09-25T22:50:26Z" ,
      "created_at" : "2012-09-25T22:50:26Z"
    }
  ] ,
  "count" : 2 ,
  "previous_page" : null ,
  "next_page" : null
}