{
  "satisfaction_ratings" : [
    {
      "id" : 35436 ,
      "url" : "https://company.zendesk.com/api/v2/satisfaction_ratings/35436.json" ,
      "assignee_id" : 135 ,
      "group_id" : 44 ,
      "requester_id" : 7881 ,
      "ticket_id" : 208 ,
      "score" : "good" ,
      "updated_at" : "2011-07-20T22:55:29Z" ,
      "created_at" : "2011-07-20T22:55:29Z" ,
      "comment" : "Awesome support!"
    } , {
      "id" : 120447 ,
      "created_at" : "2012-02-01T04:31:29Z" ,
      "updated_at" : "2012-02-02T10:32:59Z"
    }
  ]
}