{
  "triggers" : [
    {
      "url"=>"http://{subdomain}.zendesk.com/api/v2/triggers/25.json" ,
      "id" : 25 ,
      "title" : "Close and Save" ,
      "active" : true,
	  "conditions" : [
      ] ,
      "actions" : [
      ] ,
      "updated_at" : "2012-09-25T22:50:26Z" ,
      "created_at" : "2012-09-25T22:50:26Z"
    } , {
      "url"=>"http://{subdomain}.zendesk.com/api/v2/triggers/26.json" ,
      "id" : 26 ,
      "title" : "Assign priority tag" ,
      "active" : false,
	  "conditions" : [
      ] ,
      "actions" : [
      ] ,
      "updated_at" : "2012-09-25T22:50:26Z" ,
      "created_at" : "2012-09-25T22:50:26Z"
    }
  ] ,
  "count" : 2 ,
  "previous_page" : null ,
  "next_page" : null
}