{
  "topic_comments" : [
    {
      "id" : 35436 ,
      "topic_id" : 118 ,
      "user_id" : 9442 ,
      "body" : "I think this is a great topic" ,
      "informative" : false ,
      "attachments" : [],
      "created_at" : "2012-02-20T22:55:29Z" ,
      "updated_at" : "2012-03-05T10:38:52Z"
    } , {
      "id" : 54438 ,
      "topic_id" : 118 ,
      "user_id" : 1423 ,
      "body" : "This topic is not quite for me" ,
      "informative" : true ,
      "attachments" : [],
      "created_at" : "2012-03-20T22:55:29Z" ,
      "updated_at" : "2012-03-20T22:55:29Z"
    }
  ]
}