{
  "locales" : [
    {
      "id" : 1 ,
      "url" : "https://company.zendesk.com/api/v2/locales/1.json" ,
      "locale" : "en-US" ,
      "name" : "English" ,
      "created_at" : "2009-07-20T22:55:29Z" ,
      "updated_at" : "2011-05-05T10:38:52Z"
    } , {
      "id" : 8 ,
      "url" : "https://company.zendesk.com/api/v2/locales/8.json" ,
      "locale" : "de" ,
      "name" : "Deutsch" ,
      "created_at" : "2010-12-23T12:45:22Z" ,
      "updated_at" : "2012-04-01T10:44:12Z"
    }
  ]
}